{
  "name" : "Informatica Project1-1706870471596",
  "sourceOrgId" : "0Os7GdZb3Qal6VlerYL1Co",
  "sourceOrgName" : "IBM",
  "exportedObjects" : [ {
    "objectGuid" : "araxqMzWxPYelwplO7f128",
    "objectName" : "Default",
    "objectType" : "Project",
    "path" : "/Explore",
    "metadata" : {
      "modelVersion" : {
        "major" : 0,
        "minor" : 0
      },
      "repoInfo" : null,
      "objectRefs" : [ ],
      "contextAttributes" : [ {
        "name" : "IS_DEF_LOC",
        "value" : "true"
      } ],
      "additionalInfo" : {
        "description" : "Auto-generated Default Project",
        "contentType" : null,
        "documentState" : "COMPLETE"
      }
    }
  }, {
    "objectGuid" : "4eu6pr012mmc68TIhNYnIN",
    "objectName" : "Informatica Cloud Hosted Agent",
    "objectType" : "AgentGroup",
    "path" : "/SYS",
    "metadata" : {
      "modelVersion" : {
        "major" : 0,
        "minor" : 0
      },
      "repoInfo" : {
        "repoHandle" : "025000000000002"
      },
      "objectRefs" : [ ],
      "contextAttributes" : null,
      "additionalInfo" : {
        "description" : "",
        "contentType" : "JSON",
        "documentState" : "VALID"
      }
    }
  }, {
    "objectGuid" : "7p98BFIB4a3bqrOKzhTK4z",
    "objectName" : "Informatica Project1",
    "objectType" : "DTEMPLATE",
    "path" : "/Explore/Default",
    "metadata" : {
      "modelVersion" : {
        "major" : 0,
        "minor" : 0
      },
      "repoInfo" : {
        "repoHandle" : "012FV21700000000000B"
      },
      "objectRefs" : [ "8jCN556tmnxbXtHKSlGr4T" ],
      "contextAttributes" : [ {
        "name" : "id",
        "value" : "@1"
      } ],
      "additionalInfo" : {
        "description" : "",
        "contentType" : "JSON",
        "documentState" : "VALID"
      }
    }
  }, {
    "objectGuid" : "8jCN556tmnxbXtHKSlGr4T",
    "objectName" : "PhoneDb",
    "objectType" : "Connection",
    "path" : "/SYS",
    "metadata" : {
      "modelVersion" : {
        "major" : 0,
        "minor" : 0
      },
      "repoInfo" : {
        "repoHandle" : "012FV20B000000000003"
      },
      "objectRefs" : [ "4eu6pr012mmc68TIhNYnIN" ],
      "contextAttributes" : [ {
        "name" : "id",
        "value" : "@1"
      } ],
      "additionalInfo" : {
        "description" : "PhoneDb",
        "contentType" : "JSON",
        "documentState" : "COMPLETE"
      }
    }
  } ]
}